{
  "id": "2372400",
  "name": "online-tool",
  "font_family": "iconfont",
  "css_prefix_text": "icon-",
  "description": "",
  "glyphs": [
    {
      "icon_id": "314682",
      "name": "金融 红包 现金 钱包",
      "font_class": "hongbao001",
      "unicode": "e61a",
      "unicode_decimal": 58906
    },
    {
      "icon_id": "4155055",
      "name": "银行卡",
      "font_class": "icon-copy",
      "unicode": "e623",
      "unicode_decimal": 58915
    },
    {
      "icon_id": "4678159",
      "name": "bitebi",
      "font_class": "bitebi",
      "unicode": "e6b7",
      "unicode_decimal": 59063
    },
    {
      "icon_id": "9767929",
      "name": "支付宝",
      "font_class": "zhifubao",
      "unicode": "e62c",
      "unicode_decimal": 58924
    },
    {
      "icon_id": "14094432",
      "name": "微信",
      "font_class": "weixin",
      "unicode": "e600",
      "unicode_decimal": 58880
    },
    {
      "icon_id": "15434906",
      "name": "jia",
      "font_class": "jia",
      "unicode": "e66a",
      "unicode_decimal": 58986
    },
    {
      "icon_id": "13168897",
      "name": "quit",
      "font_class": "quit",
      "unicode": "e610",
      "unicode_decimal": 58896
    },
    {
      "icon_id": "19890264",
      "name": "settings2",
      "font_class": "xingzhuang604",
      "unicode": "e66d",
      "unicode_decimal": 58989
    },
    {
      "icon_id": "3378704",
      "name": "事务",
      "font_class": "shiwu",
      "unicode": "e60e",
      "unicode_decimal": 58894
    },
    {
      "icon_id": "19703816",
      "name": "时 间",
      "font_class": "shijian",
      "unicode": "e618",
      "unicode_decimal": 58904
    },
    {
      "icon_id": "11599682",
      "name": "Project Information",
      "font_class": "ProjectInformation",
      "unicode": "e605",
      "unicode_decimal": 58885
    },
    {
      "icon_id": "17124390",
      "name": "project",
      "font_class": "project",
      "unicode": "e8bc",
      "unicode_decimal": 59580
    },
    {
      "icon_id": "19013284",
      "name": "project",
      "font_class": "project1",
      "unicode": "e647",
      "unicode_decimal": 58951
    },
    {
      "icon_id": "11855103",
      "name": "money",
      "font_class": "money",
      "unicode": "e725",
      "unicode_decimal": 59173
    },
    {
      "icon_id": "15185482",
      "name": "win10",
      "font_class": "win10",
      "unicode": "e61e",
      "unicode_decimal": 58910
    }
  ]
}
